CaO;SiO2;Al2O3;Fe2O3;Calc_Fe2O3;MgO;MnO;P2O5;TiO2;CaF2;f-CaO;others;FeO;S;Fe;Na2O;K2O;Cl-;SO4 2-;Mo;Zn;Ni;Cu;K;Ti;V;SO3;CO2;LOI;áothers MnO + TiO2 + SO3 + Na2O + K2O;f-CaO + CaOH2;f-MgO;C;reactive SiO2;Na2Oeq;Mn2O3;ZnO;K2O + Na2O;Femet;PbO;CuO;BaO;SeO2;B2O3;FeOtotal;F;Cl;P;Sr;Ba;Pb;Sc2O3;Fe_tot;Cr;Cr2O3;Sum;Grouped column;Sample reference;Type;Main reference;Slag origin;Paper origin;Continent;Comments;Use_case_tag
40.7;22.2;18.4;0.27;1.0;14.5;0.4;0.1;0.23;1.57;0.1;;;;;;;;;;;;;;;;;;;;;;;;;;;;;;;;;;;;;;;;;;0.19;;;98.66;"MnO = 0.4; P2O5 = 0.1; T-Fe = 0.19; TiO2 = 0.23; CaF2 = 1.57; f-CaO = 0.1";Iguchi et al. [119];LF;Ouffa, N., Benzaazoua, M., Trauchessec, R., Belem, T., Taha, Y., & Diliberto, C. (2024). Potential Reuse of Ladle Furnace Slag as Cementitious Material: A Literature Review of Generation, Characterization, and Processing Methods. Minerals, 14(12), Article 12. https://doi.org/10.3390/min14121204;-;Japan;Asia;;
52.49;28.2;9.22;0.93;0.0;5.46;;;0.77;;;;;;;;;;;;;;;;;;;;;;;;;;;;;;;;;;;;;;;;;;;;;;;97.07;TiO2 = 0.77;Sun et al. [120];LF;Ouffa, N., Benzaazoua, M., Trauchessec, R., Belem, T., Taha, Y., & Diliberto, C. (2024). Potential Reuse of Ladle Furnace Slag as Cementitious Material: A Literature Review of Generation, Characterization, and Processing Methods. Minerals, 14(12), Article 12. https://doi.org/10.3390/min14121204;Singapore;Singapore;Asia;;
39.84;7.52;30.65;13.1;0.0;5.54;;;;;;3.35;;;;;;;;;;;;;;;;;;;;;;;;;;;;;;;;;;;;;;;;;;;;100.0;others = 3.35;Cho et al. [121];LF;Ouffa, N., Benzaazoua, M., Trauchessec, R., Belem, T., Taha, Y., & Diliberto, C. (2024). Potential Reuse of Ladle Furnace Slag as Cementitious Material: A Literature Review of Generation, Characterization, and Processing Methods. Minerals, 14(12), Article 12. https://doi.org/10.3390/min14121204;South Korea;South Korea;Asia;;
26.0;6.8;36.3;14.56;1.0;9.1;;;;;;;13.1;0.01;;;;;;;;;;;;;;;;;;;;;;;;;;;;;;;;;;;;;;;;;;105.87;"FeO = 13.1; S = 0.01";Posch et al. [122];LF;Ouffa, N., Benzaazoua, M., Trauchessec, R., Belem, T., Taha, Y., & Diliberto, C. (2024). Potential Reuse of Ladle Furnace Slag as Cementitious Material: A Literature Review of Generation, Characterization, and Processing Methods. Minerals, 14(12), Article 12. https://doi.org/10.3390/min14121204;Austria;Austria;Europe;;
39.2;6.9;34.3;6.0;1.0;9.2;;;;;;;5.4;0.02;;;;;;;;;;;;;;;;;;;;;;;;;;;;;;;;;;;;;;;;;;101.02;"FeO = 5.4; S = 0.02";Posch et al. [122];LF;Ouffa, N., Benzaazoua, M., Trauchessec, R., Belem, T., Taha, Y., & Diliberto, C. (2024). Potential Reuse of Ladle Furnace Slag as Cementitious Material: A Literature Review of Generation, Characterization, and Processing Methods. Minerals, 14(12), Article 12. https://doi.org/10.3390/min14121204;Austria;Austria;Europe;;
50.9;4.2;29.5;4.22;1.0;8.3;;;;;;;3.8;0.21;;;;;;;;;;;;;;;;;;;;;;;;;;;;;;;;;;;;;;;;;;101.13;"FeO = 3.8; S = 0.21";Posch et al. [122];LF;Ouffa, N., Benzaazoua, M., Trauchessec, R., Belem, T., Taha, Y., & Diliberto, C. (2024). Potential Reuse of Ladle Furnace Slag as Cementitious Material: A Literature Review of Generation, Characterization, and Processing Methods. Minerals, 14(12), Article 12. https://doi.org/10.3390/min14121204;Austria;Austria;Europe;;
55.1;9.6;23.3;1.11;1.0;9.9;;;;;;;1.0;0.35;;;;;;;;;;;;;;;;;;;;;;;;;;;;;;;;;;;;;;;;;;100.36;"FeO = 1.0; S = 0.35";Posch et al. [122];LF;Ouffa, N., Benzaazoua, M., Trauchessec, R., Belem, T., Taha, Y., & Diliberto, C. (2024). Potential Reuse of Ladle Furnace Slag as Cementitious Material: A Literature Review of Generation, Characterization, and Processing Methods. Minerals, 14(12), Article 12. https://doi.org/10.3390/min14121204;Austria;Austria;Europe;;
50.0;6.0;29.0;3.11;1.0;9.0;1.8;0.4;;;;;2.8;0.5;;;;;;;;;;;;;;;;;;;;;;;;;;;;;;;;;;;;;;;;;;102.61;"FeO = 2.8; MnO = 1.8; P2O5 = 0.4; S = 0.5";"Aminorroaya-Yamini et al. [55]; Varanasi et al. [44]";LF;Ouffa, N., Benzaazoua, M., Trauchessec, R., Belem, T., Taha, Y., & Diliberto, C. (2024). Potential Reuse of Ladle Furnace Slag as Cementitious Material: A Literature Review of Generation, Characterization, and Processing Methods. Minerals, 14(12), Article 12. https://doi.org/10.3390/min14121204;Iran;Australia, Iran;Asia;Since LF slags is new (80s->), not as commonly reused as other SS. Studies reveal significant percent calcium aluminate in LF slags as part a it's used as a flux.;
49.0;6.4;28.0;5.45;1.0;8.6;1.9;;;;;;4.9;;;;;;;;;;;;;;;;;;;;;;;;;;;;;;;;;;;;;;;;;;;104.25;"FeO = 4.9; MnO = 1.9";"Aminorroaya-Yamini et al. [55]; Varanasi et al. [44]";LF;Ouffa, N., Benzaazoua, M., Trauchessec, R., Belem, T., Taha, Y., & Diliberto, C. (2024). Potential Reuse of Ladle Furnace Slag as Cementitious Material: A Literature Review of Generation, Characterization, and Processing Methods. Minerals, 14(12), Article 12. https://doi.org/10.3390/min14121204;-;-;;Suggests LF slags can replace some synthethic fluxes in secondary steelmaking (ladle);Steelmaking recyclate
56.25;9.65;14.01;4.81;1.0;5.88;0.13;0.086;;;0.205;;0.57;0.87;1.68;;;;;;;;;;;;;;;;;;;;;;;;;;;;;;;;;;;;;;;;;94.141;"Fe = 1.68; FeO = 0.57; MnO = 0.13; P2O5 = 0.086; S = 0.87; f-CaO = 0.205";Mihok et al. [123];LF;Ouffa, N., Benzaazoua, M., Trauchessec, R., Belem, T., Taha, Y., & Diliberto, C. (2024). Potential Reuse of Ladle Furnace Slag as Cementitious Material: A Literature Review of Generation, Characterization, and Processing Methods. Minerals, 14(12), Article 12. https://doi.org/10.3390/min14121204;.;Croatia;Europe;Suggests LF slags main difficulties are transport problems (i.e fine materials);
56.34;9.31;18.58;4.78;1.0;13.04;0.277;0.036;;;0.002;;1.29;0.583;1.67;;;;;;;;;;;;;;;;;;;;;;;;;;;;;;;;;;;;;;;;;105.908;"Fe = 1.67; FeO = 1.29; MnO = 0.277; P2O5 = 0.036; S = 0.583; f-CaO = 0.002";Mihok et al. [123];LF;Ouffa, N., Benzaazoua, M., Trauchessec, R., Belem, T., Taha, Y., & Diliberto, C. (2024). Potential Reuse of Ladle Furnace Slag as Cementitious Material: A Literature Review of Generation, Characterization, and Processing Methods. Minerals, 14(12), Article 12. https://doi.org/10.3390/min14121204;.;Croatia;Europe;Suggests LF slags main difficulties are transport problems (i.e fine materials);
54.1;32.5;2.5;1.91;1.0;;;;;;;;1.72;;;0.34;0.04;0.03;0.21;;;;;;;;;;3.19;;;;;;;;;;;;;;;;;;;;;;;;;;;96.54;"FeO = 1.72; Na2O = 0.34; K2O = 0.04; Cl_ = 0.03; SO4 2_ = 0.21; LOI (950_ ) = 3.19";Papayianni and Anastasiou [93];LF;Ouffa, N., Benzaazoua, M., Trauchessec, R., Belem, T., Taha, Y., & Diliberto, C. (2024). Potential Reuse of Ladle Furnace Slag as Cementitious Material: A Literature Review of Generation, Characterization, and Processing Methods. Minerals, 14(12), Article 12. https://doi.org/10.3390/min14121204;-;Greece;Europe;;
42.0;21.0;12.0;1.11;1.0;6.0;4.0;;;;;6.0;1.0;;;;;;;;;;;;;;;;;;;;;;;;;;;;;;;;;;;;;;;;;;;93.11;"MnO = 4; FeO = 1; others = 6";Cavallotti et al. [124];LF;Ouffa, N., Benzaazoua, M., Trauchessec, R., Belem, T., Taha, Y., & Diliberto, C. (2024). Potential Reuse of Ladle Furnace Slag as Cementitious Material: A Literature Review of Generation, Characterization, and Processing Methods. Minerals, 14(12), Article 12. https://doi.org/10.3390/min14121204;Italy;Italy;Europe;Suggest LF slags can be reused as flux for EAF. To reduce foaminess of EAF slag and essentially make it Non-hazardous;Steelmaking recyclate
42.5;14.2;22.9;2.23;1.0;12.6;0.2;;;;;;0.5;;0.4;;;;;0.28;0.037;0.007;0.002;0.008;0.084;0.028;;;;;;;;;;;;;;;;;;;;;;;;;;;;0.27;;96.246;"FeO = 0.5; Fe = 0.4; MnO = 0.2; (Cr = 2700; Mo = 280; Zn = 370; Ni = 70; Cu = 20; K = 80; Ti = 840; V = 280 in ppm)";Tossavainen et al. [16];LF;Ouffa, N., Benzaazoua, M., Trauchessec, R., Belem, T., Taha, Y., & Diliberto, C. (2024). Potential Reuse of Ladle Furnace Slag as Cementitious Material: A Literature Review of Generation, Characterization, and Processing Methods. Minerals, 14(12), Article 12. https://doi.org/10.3390/min14121204;Sweden;Sweden;Europe;LF didn't need crushing, so of finer grain size?. LF slag found to be made volume stable by water granulation, 98% glass;
58.1;26.4;4.6;4.78;1.0;6.2;2.18;0.05;0.74;;;;4.3;0.15;;;0.03;;;;;;;;;;;;;;;;;;;;;;;;;;;;;;;;;;;;;;;107.53;"FeO = 4.30; MnO = 2.18; P2O5 = 0.05; TiO2 = 0.74; S = 0.15; K2O = 0.03";Bonenfant et al. [94];LF;Ouffa, N., Benzaazoua, M., Trauchessec, R., Belem, T., Taha, Y., & Diliberto, C. (2024). Potential Reuse of Ladle Furnace Slag as Cementitious Material: A Literature Review of Generation, Characterization, and Processing Methods. Minerals, 14(12), Article 12. https://doi.org/10.3390/min14121204;No access;No access;No access;;
51.0;17.65;11.36;0.71;0.0;13.2;;;2.51;;;;;;;0.63;0.42;;;;;;;;;;2.3;;;;;;;;;;;;;;;;;;;;;;;;;;;;;99.78;"Na2O = 0.63; SO3 = 2.30; K2O = 0.42; TiO2 = 2.51";Branca et al. [17];LF;Ouffa, N., Benzaazoua, M., Trauchessec, R., Belem, T., Taha, Y., & Diliberto, C. (2024). Potential Reuse of Ladle Furnace Slag as Cementitious Material: A Literature Review of Generation, Characterization, and Processing Methods. Minerals, 14(12), Article 12. https://doi.org/10.3390/min14121204;Italy;Italy;Europe;Claims LF slags is not as well characterised as other SS, EAF BOF etc. During handling and cooling of LF slag, it disintegrates into a powder due to instability of dicalcium silicate (solid phase transition, (larnite beta to belite gamma) ~12% V increase during cooling), causing powder dispersion.;
58.09;9.52;15.71;0.86;0.0;4.83;0.1;;1.15;;;;;;;0.04;0.01;;;;;;;;;;1.79;0.3;6.67;;;;;;;;;;;;;;;;;;;;;;;;;;;99.07;"TiO2 = 1.15; MnO = 0.10; Na2O = 0.04; K2O = 0.01; SO3 = 1.79; CO2 = 0.3; LOI = 6.67";Monkman et al. [75];LF;Ouffa, N., Benzaazoua, M., Trauchessec, R., Belem, T., Taha, Y., & Diliberto, C. (2024). Potential Reuse of Ladle Furnace Slag as Cementitious Material: A Literature Review of Generation, Characterization, and Processing Methods. Minerals, 14(12), Article 12. https://doi.org/10.3390/min14121204;-;Canada;North america;;
56.0;17.0;11.0;2.0;0.0;10.0;;;;;;;;;;;;;;;;;;;;;;;5.0;4.0;12.0;6.0;;;;;;;;;;;;;;;;;;;;;;;;123.0;"áothers (MnO + TiO2 + SO3 + Na2O + K2O) = 4; f-CaO + Ca(OH)2 = 12; f-MgO = 6; LOI = 5";"Manso et al. [30]; Rodriguez et al. [54]; Manso et al. [62]; Prieto et al. [125]";LF;Ouffa, N., Benzaazoua, M., Trauchessec, R., Belem, T., Taha, Y., & Diliberto, C. (2024). Potential Reuse of Ladle Furnace Slag as Cementitious Material: A Literature Review of Generation, Characterization, and Processing Methods. Minerals, 14(12), Article 12. https://doi.org/10.3390/min14121204;-;Spain;Europe;LF slag becomes white fine particles after cooling;
55.0;15.0;12.5;2.1;0.0;7.5;0.36;0.001;0.33;;19.0;;;0.9;;0.03;0.02;;;;;;;;;;;;5.5;;;3.0;0.12;;;;;;;;;;;;;;;;;;;;;;0.01;121.371;"MnO = 0.36; K2O = 0.02; Na2O = 0.03; Cr2O3 = 0.01; P2O5 < 0.001; TiO2 = 0.33; S = 0.9; LOI = 5.5; C = 0.12; f-CaO = 19; f-MgO = 3";Seti_n et al. [76];LF;Ouffa, N., Benzaazoua, M., Trauchessec, R., Belem, T., Taha, Y., & Diliberto, C. (2024). Potential Reuse of Ladle Furnace Slag as Cementitious Material: A Literature Review of Generation, Characterization, and Processing Methods. Minerals, 14(12), Article 12. https://doi.org/10.3390/min14121204;-;Spain;Europe;During cooling, V increase by 10%. Further cooling and weathering leads to fine particles.;
57.5;19.8;4.3;3.3;0.0;11.6;0.42;0.01;0.18;;3.5;;;1.04;;0.065;0.015;;;;;;;;;;;;1.2;;;10.0;0.05;;;;;;;;;;;;;;;;;;;;;;0.1;113.08;"MnO = 0.42; K2O = 0.015; Na2O = 0.065; Cr2O3 = 0.1; P2O5 < 0.01; TiO2 = 0.18; S = 1.04; LOI = 1.2; C = 0.05; f-CaO = 3.5; f-MgO = 10";Seti_n et al. [76];LF;Ouffa, N., Benzaazoua, M., Trauchessec, R., Belem, T., Taha, Y., & Diliberto, C. (2024). Potential Reuse of Ladle Furnace Slag as Cementitious Material: A Literature Review of Generation, Characterization, and Processing Methods. Minerals, 14(12), Article 12. https://doi.org/10.3390/min14121204;-;Spain;Europe;;
50.5;12.6;18.6;1.6;0.0;11.9;0.52;0.001;0.89;;9.5;;;1.5;;0.055;0.012;;;;;;;;;;;;2.1;;;8.0;0.04;;;;;;;;;;;;;;;;;;;;;;0.01;117.828;"MnO = 0.52; K2O = 0.012; Na2O = 0.055; Cr2O3 = 0.01; P2O5 < 0.001; TiO2 = 0.89; S = 1.5; LOI = 2.1; C = 0.04; f-CaO = 9.5; f-MgO = 8";Seti_n et al. [76];LF;Ouffa, N., Benzaazoua, M., Trauchessec, R., Belem, T., Taha, Y., & Diliberto, C. (2024). Potential Reuse of Ladle Furnace Slag as Cementitious Material: A Literature Review of Generation, Characterization, and Processing Methods. Minerals, 14(12), Article 12. https://doi.org/10.3390/min14121204;-;Spain;Europe;;
37.4;50.1;1.62;2.63;1.0;4.25;;;;;0.8;;2.37;;;;;;;;;;;;;;0.2;;2.06;;;;;20.4;0.39;;;;;;;;;;;;;;;;;;;;;122.22;"FeO = 2.37; f-CaO = 0.8; reactive SiO2 = 20.4; SO3 = 0.2; Na2Oeq = 0.39; LOI = 2.06";Papayianni and Anastasiou [126];LF;Ouffa, N., Benzaazoua, M., Trauchessec, R., Belem, T., Taha, Y., & Diliberto, C. (2024). Potential Reuse of Ladle Furnace Slag as Cementitious Material: A Literature Review of Generation, Characterization, and Processing Methods. Minerals, 14(12), Article 12. https://doi.org/10.3390/min14121204;Greece;Greece;Europe;;
40.0;5.0;32.5;5.33;1.0;5.9;;;0.6;;;;4.8;;;;0.1;;;;;;;;;;;;2.0;;;;;;;8.1;;;;;;;;;;;;;;;;;;;;104.33;"FeO = 4.8; Mn2O3 = 8.1; K2O = 0.1; TiO2 = 0.6; LOI = 2";Adolfsson et al. [89];LF;Ouffa, N., Benzaazoua, M., Trauchessec, R., Belem, T., Taha, Y., & Diliberto, C. (2024). Potential Reuse of Ladle Furnace Slag as Cementitious Material: A Literature Review of Generation, Characterization, and Processing Methods. Minerals, 14(12), Article 12. https://doi.org/10.3390/min14121204;Sweden;Sweden;Europe;SSAB EMEA. LF Use case cement substitute, or as recyclate in BF or BOF.;Cementitious
51.5;28.3;1.2;;;11.3;;;;;;3.8;;;;;;;;;;;;;;;;;;;;;;;;;;;;;;;;;;;;;;;;;;;3.9;100.0;"Cr2O3 = 3.9; others = 3.8";Kriskova et al. [24];LF;Ouffa, N., Benzaazoua, M., Trauchessec, R., Belem, T., Taha, Y., & Diliberto, C. (2024). Potential Reuse of Ladle Furnace Slag as Cementitious Material: A Literature Review of Generation, Characterization, and Processing Methods. Minerals, 14(12), Article 12. https://doi.org/10.3390/min14121204;-;Belgium;Europe;Main use cases, aggregates, cement, fertilisers, or internal recyclate in steelworks.;Civil, Cementitious, Steelmaking recyclate
55.7;26.1;2.0;1.5;0.0;4.3;;;;;0.8;;;;;0.9;0.2;;0.25;;;;;;;;;;;;;;;20.5;;;;;;;;;;;;;;;;;;;;;;112.25;"f-CaO = 0.8; reactive SiO2 = 20.5; K2O = 0.2; Na2O = 0.9; SO4 2_ = 0.25";Papayianni and Anastasiou [82];LF;Ouffa, N., Benzaazoua, M., Trauchessec, R., Belem, T., Taha, Y., & Diliberto, C. (2024). Potential Reuse of Ladle Furnace Slag as Cementitious Material: A Literature Review of Generation, Characterization, and Processing Methods. Minerals, 14(12), Article 12. https://doi.org/10.3390/min14121204;-;Greece;Europe;Dicalcium silicate main mineral, portlandite, fluortie and clcite minor minerals. Could be used as cement substitute.;Cementitious
54.0;9.0;30.2;1.04;1.0;8.2;;;;;;;0.94;;;;;;;;;;;;;;;;;;;;;;;;;;;;;;;;;;;;;;;;;;;103.38;FeO = 0.94;Wcis_o et al. [127];LF;Ouffa, N., Benzaazoua, M., Trauchessec, R., Belem, T., Taha, Y., & Diliberto, C. (2024). Potential Reuse of Ladle Furnace Slag as Cementitious Material: A Literature Review of Generation, Characterization, and Processing Methods. Minerals, 14(12), Article 12. https://doi.org/10.3390/min14121204;-;Poland;Europe;;
54.5;16.4;11.1;8.7;0.0;4.0;2.0;;0.3;;;1.4;;;;;1.0;;;;;;;;;;;;9.8;;;;;;;;0.6;;;;;;;;;;;;;;;;;;;109.8;"MnO = 2; ZnO = 0.6; K2O = 1; TiO2 = 0.3; others = 1.4; LOI = 9.8";Bignozzi et al. [77];LF;Ouffa, N., Benzaazoua, M., Trauchessec, R., Belem, T., Taha, Y., & Diliberto, C. (2024). Potential Reuse of Ladle Furnace Slag as Cementitious Material: A Literature Review of Generation, Characterization, and Processing Methods. Minerals, 14(12), Article 12. https://doi.org/10.3390/min14121204;Italy;Italy;Europe;4 mil tons/year, check if EAF or LF?;
56.7;17.7;6.6;2.2;0.0;9.6;;;0.34;;;;;0.2;;;;;;;;;;;;;;;4.0;;;;0.35;;;;;0.1;;;;;;;;;;;;;;;;;;97.79;"K2O + Na2O = 0.1; TiO2 = 0.34; C = 0.35; S = 0.2; LOI = 4";"Manso et al. [65]; Skaf et al. [128]; Pasetto et al. [103]";LF;Ouffa, N., Benzaazoua, M., Trauchessec, R., Belem, T., Taha, Y., & Diliberto, C. (2024). Potential Reuse of Ladle Furnace Slag as Cementitious Material: A Literature Review of Generation, Characterization, and Processing Methods. Minerals, 14(12), Article 12. https://doi.org/10.3390/min14121204;-;Spain;Europe;Soil stabiliser for civil works. Good table of geotechnical properties;Civil
56.7;17.7;6.67;2.19;0.0;9.73;;;;;12.0;;;0.76;;;0.02;;;;;;;;;;;;5.35;;;8.0;0.35;;;;;;;;;;;;;;;;;;;;;;;119.47;"K2O = 0.02; C = 0.35; S = 0.76; LOI = 5.35; f-CaO = 12; f-MgO = 8";Montenegro et al. [129];LF;Ouffa, N., Benzaazoua, M., Trauchessec, R., Belem, T., Taha, Y., & Diliberto, C. (2024). Potential Reuse of Ladle Furnace Slag as Cementitious Material: A Literature Review of Generation, Characterization, and Processing Methods. Minerals, 14(12), Article 12. https://doi.org/10.3390/min14121204;-;Spain;Europe;As material for Civil applications;Civil
54.0;14.3;10.3;1.77;0.0;16.5;;;;;5.0;;;0.61;;;;;;;;;;;;;;;5.4;;;14.0;1.52;;;;;;;;;;;;;;;;;;;;;;;123.4;"K2O < 0.1; C = 1.52; S = 0.61; LOI = 5.40; f-CaO = 5; f-MgO = 14";Montenegro et al. [129];LF;Ouffa, N., Benzaazoua, M., Trauchessec, R., Belem, T., Taha, Y., & Diliberto, C. (2024). Potential Reuse of Ladle Furnace Slag as Cementitious Material: A Literature Review of Generation, Characterization, and Processing Methods. Minerals, 14(12), Article 12. https://doi.org/10.3390/min14121204;-;Spain;Europe;;
42.1;17.9;13.0;7.1;0.0;6.1;;;;;;3.8;;;;;;;;;;;;;;;;;10.0;;;;;;;;;;;;;;;;;;;;;;;;;;;100.0;"others = 3.8; LOI = 10";Natali Murri et al. [31];LF;Ouffa, N., Benzaazoua, M., Trauchessec, R., Belem, T., Taha, Y., & Diliberto, C. (2024). Potential Reuse of Ladle Furnace Slag as Cementitious Material: A Literature Review of Generation, Characterization, and Processing Methods. Minerals, 14(12), Article 12. https://doi.org/10.3390/min14121204;Italy;Italy;Europe;Alkali actiavted materials. Actually maybe from EAF?;Cementitious
48.37;15.0;14.3;1.71;0.0;15.25;;2.73;0.2;;;;1.54;;;0.43;0.36;;;;;;;;;;;;;;;;;;;;;;;;;;;;;;;;;;;;;;0.92;100.81;"FeO = 1.54; Na2O = 0.43; K2O = 0.36; TiO2 = 0.2; P2O5 = 2.73; Cr2O3 = 0.92";RadenoviÇc et al. [ ¿ 25];LF;Ouffa, N., Benzaazoua, M., Trauchessec, R., Belem, T., Taha, Y., & Diliberto, C. (2024). Potential Reuse of Ladle Furnace Slag as Cementitious Material: A Literature Review of Generation, Characterization, and Processing Methods. Minerals, 14(12), Article 12. https://doi.org/10.3390/min14121204;-;Croatia;Europe;Not hazardous according to this article. Most important functions of LF (secondary refining process), is the final desuplurisation, degassing of oxygen, nitrogen, and hydrogen, removal of impurities and final decarburisation.;
53.9;18.6;11.3;1.1;0.0;14.0;;;;;;;;;;;;;;;;;;;;;;;;;;;;;;;;;;;;;;;;;;;;;;;;;;98.9;;Vlcek et al. [111];LF;Ouffa, N., Benzaazoua, M., Trauchessec, R., Belem, T., Taha, Y., & Diliberto, C. (2024). Potential Reuse of Ladle Furnace Slag as Cementitious Material: A Literature Review of Generation, Characterization, and Processing Methods. Minerals, 14(12), Article 12. https://doi.org/10.3390/min14121204;-;Czech Republic;Europe;Good table of utilisation of SS;
62.7;24.1;2.4;2.8;0.0;6.8;;;;;;;;;;;;;;;;;;;;;;;;;;;;;;;;;;;;;;;;;;;;;;;;;;98.8;;Vlcek et al. [111];LF;Ouffa, N., Benzaazoua, M., Trauchessec, R., Belem, T., Taha, Y., & Diliberto, C. (2024). Potential Reuse of Ladle Furnace Slag as Cementitious Material: A Literature Review of Generation, Characterization, and Processing Methods. Minerals, 14(12), Article 12. https://doi.org/10.3390/min14121204;-;Czech Republic;Europe;;
34.4;24.1;16.9;1.8;0.0;21.5;;;;;;;;;;;;;;;;;;;;;;;;;;;;;;;;;;;;;;;;;;;;;;;;;;98.7;;Vlcek et al. [111];LF;Ouffa, N., Benzaazoua, M., Trauchessec, R., Belem, T., Taha, Y., & Diliberto, C. (2024). Potential Reuse of Ladle Furnace Slag as Cementitious Material: A Literature Review of Generation, Characterization, and Processing Methods. Minerals, 14(12), Article 12. https://doi.org/10.3390/min14121204;-;Czech Republic;Europe;;
47.0;16.3;6.2;26.59;1.0;5.0;;;;;;;16.1;;;;;;;;;;;;;;;;;;;;;;;;;;0.4;;;;;;;;;;;;;;;;;117.59;"Femet = 0.4; FeO = 16.1";Vlcek et al. [111];LF;Ouffa, N., Benzaazoua, M., Trauchessec, R., Belem, T., Taha, Y., & Diliberto, C. (2024). Potential Reuse of Ladle Furnace Slag as Cementitious Material: A Literature Review of Generation, Characterization, and Processing Methods. Minerals, 14(12), Article 12. https://doi.org/10.3390/min14121204;-;Czech Republic;Europe;;
40.7;14.7;4.1;30.88;1.0;10.9;;;;;;;16.0;;;;;;;;;;;;;;;;;;;;;;;;;;0.5;;;;;;;;;;;;;;;;;117.78;"Femet = 0.5; FeO = 16";Vlcek et al. [111];LF;Ouffa, N., Benzaazoua, M., Trauchessec, R., Belem, T., Taha, Y., & Diliberto, C. (2024). Potential Reuse of Ladle Furnace Slag as Cementitious Material: A Literature Review of Generation, Characterization, and Processing Methods. Minerals, 14(12), Article 12. https://doi.org/10.3390/min14121204;-;Czech Republic;Europe;;
38.7;37.9;7.0;3.15;1.0;12.8;;;;;;;1.8;;;;;;;;;;;;;;;;;;;;;;;;;;0.5;;;;;;;;;;;;;;;;;101.85;"Femet = 0.5; FeO = 1.8";Vlcek et al. [111];LF;Ouffa, N., Benzaazoua, M., Trauchessec, R., Belem, T., Taha, Y., & Diliberto, C. (2024). Potential Reuse of Ladle Furnace Slag as Cementitious Material: A Literature Review of Generation, Characterization, and Processing Methods. Minerals, 14(12), Article 12. https://doi.org/10.3390/min14121204;-;Czech Republic;Europe;;
36.9;27.8;4.3;21.59;1.0;10.3;;;;;;;12.0;;;;;;;;;;;;;;;;;;;;;;;;;;0.5;;;;;;;;;;;;;;;;;113.39;"Femet = 0.5; FeO = 12";Vlcek et al. [111];LF;Ouffa, N., Benzaazoua, M., Trauchessec, R., Belem, T., Taha, Y., & Diliberto, C. (2024). Potential Reuse of Ladle Furnace Slag as Cementitious Material: A Literature Review of Generation, Characterization, and Processing Methods. Minerals, 14(12), Article 12. https://doi.org/10.3390/min14121204;-;Czech Republic;Europe;;
38.9;12.8;2.0;37.17;1.0;11.0;;;;;;;21.8;;;;;;;;;;;;;;;;;;;;;;;;;;0.6;;;;;;;;;;;;;;;;;124.27;"Femet = 0.6; FeO = 21.8";Vlcek et al. [111];LF;Ouffa, N., Benzaazoua, M., Trauchessec, R., Belem, T., Taha, Y., & Diliberto, C. (2024). Potential Reuse of Ladle Furnace Slag as Cementitious Material: A Literature Review of Generation, Characterization, and Processing Methods. Minerals, 14(12), Article 12. https://doi.org/10.3390/min14121204;-;Czech Republic;Europe;;
28.7;18.7;5.3;37.6;1.0;11.4;;;;;;;21.6;;;;;;;;;;;;;;;;;;;;;;;;;;0.8;;;;;;;;;;;;;;;;;124.1;"Femet = 0.8; FeO = 21.6";Vlcek et al. [111];LF;Ouffa, N., Benzaazoua, M., Trauchessec, R., Belem, T., Taha, Y., & Diliberto, C. (2024). Potential Reuse of Ladle Furnace Slag as Cementitious Material: A Literature Review of Generation, Characterization, and Processing Methods. Minerals, 14(12), Article 12. https://doi.org/10.3390/min14121204;-;Czech Republic;Europe;;
50.65;32.41;1.36;2.66;0.0;2.77;;;;;;;;;;0.78;0.06;;;;;;;;;;2.3;;6.72;;;;;;;;;;;;;;;;;;;;;;;;;;;99.71;"SO3 = 2.30; K2O = 0.06; Na2O = 0.78; LOI = 6.72";"Anastasiou et al. [130]; Anastasiou [131]";LF;Ouffa, N., Benzaazoua, M., Trauchessec, R., Belem, T., Taha, Y., & Diliberto, C. (2024). Potential Reuse of Ladle Furnace Slag as Cementitious Material: A Literature Review of Generation, Characterization, and Processing Methods. Minerals, 14(12), Article 12. https://doi.org/10.3390/min14121204;Greece;Greece;Europe;For cement/concrete applications;Cementitious
65.23;12.35;16.55;0.79;0.0;3.96;;;;;7.2;;;;;0.08;;;;;;;;;;;;1.1;;;;;;;;;;;;;;;;;;;;;;;;;;;;107.26;"Na2O = 0.08; CO2 = 1.1; f-CaO = 7.2";"Mahoutian et al. [90]; Mahoutian and Shao [32]";LF;Ouffa, N., Benzaazoua, M., Trauchessec, R., Belem, T., Taha, Y., & Diliberto, C. (2024). Potential Reuse of Ladle Furnace Slag as Cementitious Material: A Literature Review of Generation, Characterization, and Processing Methods. Minerals, 14(12), Article 12. https://doi.org/10.3390/min14121204;Canada;Canada;North america;Cementing binder. To produce good cement binder, silicon is recommended as deoxidation agent in steel refinery process.;Cementitious
57.55;6.21;23.17;3.55;0.0;5.04;;;;;10.8;;;;;0.16;;;;;;;;;;;;0.2;;;;;;;;;;;;;;;;;;;;;;;;;;;;106.68;"Na2O = 0.16; CO2 = 0.2; f-CaO = 10.8";"Mahoutian et al. [90]; Mahoutian and Shao [32]";LF;Ouffa, N., Benzaazoua, M., Trauchessec, R., Belem, T., Taha, Y., & Diliberto, C. (2024). Potential Reuse of Ladle Furnace Slag as Cementitious Material: A Literature Review of Generation, Characterization, and Processing Methods. Minerals, 14(12), Article 12. https://doi.org/10.3390/min14121204;Canada;Canada;North america;;
58.4;18.9;7.1;2.36;0.0;10.2;0.31;;0.36;;;;;;;;;;;;;;;;;;0.92;1.4;;;;;;;;;;;;;;;;;;;;;;;;;;;;99.95;"TiO2 = 0.36; MnO = 0.31; SO3 = 0.92; CO2 = 1.4";"Ortega-LÑpez et al. [66]; Santamaria et al. [132]";LF;Ouffa, N., Benzaazoua, M., Trauchessec, R., Belem, T., Taha, Y., & Diliberto, C. (2024). Potential Reuse of Ladle Furnace Slag as Cementitious Material: A Literature Review of Generation, Characterization, and Processing Methods. Minerals, 14(12), Article 12. https://doi.org/10.3390/min14121204;-;Spain;Europe;Two types of slag. Either high in silica, or high in alumina, depending on fluxing temperature and the saturation method. Used as partial cement replacement. Also soil stabilisation;Cementitious,Civil
51.2;15.0;11.9;2.57;0.0;8.4;0.56;;0.39;;;;;;;;;;;;;;;;;;1.93;7.59;;;;;;;;;;;;;;;;;;;;;;;;;;;;99.54;"TiO2 = 0.39; MnO = 0.56; SO3 = 1.93; CO2 = 7.59";"Ortega-LÑpez et al. [66]; Santamaria et al. [132]";LF;Ouffa, N., Benzaazoua, M., Trauchessec, R., Belem, T., Taha, Y., & Diliberto, C. (2024). Potential Reuse of Ladle Furnace Slag as Cementitious Material: A Literature Review of Generation, Characterization, and Processing Methods. Minerals, 14(12), Article 12. https://doi.org/10.3390/min14121204;-;Spain;Europe;;
50.7;10.0;23.3;0.53;0.0;13.6;0.15;;0.1;;;;;0.2;;;;;;;;;;;;;;;;;;;0.2;;;;;;;;;;;;;;;;;;;;;;;98.78;"TiO2 = 0.1; MnO = 0.15; C = 0.2; S = 0.2";"Ortega-LÑpez et al. [66]; Santamaria et al. [132]";LF;Ouffa, N., Benzaazoua, M., Trauchessec, R., Belem, T., Taha, Y., & Diliberto, C. (2024). Potential Reuse of Ladle Furnace Slag as Cementitious Material: A Literature Review of Generation, Characterization, and Processing Methods. Minerals, 14(12), Article 12. https://doi.org/10.3390/min14121204;-;Spain;Europe;;
59.2;21.3;8.27;1.0;0.0;7.92;0.26;;0.17;;;;;1.39;;;;;;;;;;;;;;;;;;;0.13;;;;;;;;;;;;;;;;;;;;;;;99.64;"TiO2 = 0.17; MnO = 0.26; C = 0.13; S = 1.39";"Ortega-LÑpez et al. [66]; Santamaria et al. [132]";LF;Ouffa, N., Benzaazoua, M., Trauchessec, R., Belem, T., Taha, Y., & Diliberto, C. (2024). Potential Reuse of Ladle Furnace Slag as Cementitious Material: A Literature Review of Generation, Characterization, and Processing Methods. Minerals, 14(12), Article 12. https://doi.org/10.3390/min14121204;-;Spain;Europe;;
57.8;3.0;27.3;2.9;0.0;7.1;0.12;;0.1;;;;;0.98;;;;;;;;;;;;;;;;;;;0.36;;;;;;;;;;;;;;;;;;;;;;;99.66;"TiO2 = 0.1; MnO = 0.12; C = 0.36; S = 0.98";"Ortega-LÑpez et al. [66]; Santamaria et al. [132]";LF;Ouffa, N., Benzaazoua, M., Trauchessec, R., Belem, T., Taha, Y., & Diliberto, C. (2024). Potential Reuse of Ladle Furnace Slag as Cementitious Material: A Literature Review of Generation, Characterization, and Processing Methods. Minerals, 14(12), Article 12. https://doi.org/10.3390/min14121204;-;Spain;Europe;;
55.79;23.5;4.29;1.69;0.0;6.0;;;;;;8.7;;;;;;;;;;;;;;;;;;;;;;;;;;;;;;;;;;;;;;;;;;;;99.97;others = 8.7;Sàez-de-Guinoa Vilaplana et al. [133];LF;Ouffa, N., Benzaazoua, M., Trauchessec, R., Belem, T., Taha, Y., & Diliberto, C. (2024). Potential Reuse of Ladle Furnace Slag as Cementitious Material: A Literature Review of Generation, Characterization, and Processing Methods. Minerals, 14(12), Article 12. https://doi.org/10.3390/min14121204;Spain;Spain;Europe;As raw material for Portland cement production.;Cementitious
44.5;10.9;26.6;4.3;0.0;6.6;0.6;;;;;;;;;;;;;;;;;;;;;;;;;;;;;;;;;;;;;;;;;;;;;;;;;93.5;MnO = 0.6;Choi et al. [134];LF;Ouffa, N., Benzaazoua, M., Trauchessec, R., Belem, T., Taha, Y., & Diliberto, C. (2024). Potential Reuse of Ladle Furnace Slag as Cementitious Material: A Literature Review of Generation, Characterization, and Processing Methods. Minerals, 14(12), Article 12. https://doi.org/10.3390/min14121204;-;South Korea;Asia;Rapid air cooling showed rapid setting proprties of LF slags. ;
53.96;3.77;28.82;3.82;0.0;6.36;0.29;0.04;0.14;;;;;;;;;;;;;;;;;;;;26.2;;;;;;;;;;;;;;;;;;;;;;;;;;;123.4;"MnO = 0.29; TiO2 = 0.14; P2O5 = 0.04; LOI = 26.2";Herrero et al. [83];LF;Ouffa, N., Benzaazoua, M., Trauchessec, R., Belem, T., Taha, Y., & Diliberto, C. (2024). Potential Reuse of Ladle Furnace Slag as Cementitious Material: A Literature Review of Generation, Characterization, and Processing Methods. Minerals, 14(12), Article 12. https://doi.org/10.3390/min14121204;-;Spain;Europe;As partial cement substitution. Two types, either low or high in alumina.;Cementitious
61.64;22.94;4.42;1.01;0.0;5.99;0.22;0.01;0.34;;;;;;;;;;;;;;;;;;;;3.0;;;;;;;;;;;;;;;;;;;;;;;;;;;99.57;"MnO = 0.22; TiO2 = 0.34; P2O5 = 0.01; LOI = 3";Herrero et al. [83];LF;Ouffa, N., Benzaazoua, M., Trauchessec, R., Belem, T., Taha, Y., & Diliberto, C. (2024). Potential Reuse of Ladle Furnace Slag as Cementitious Material: A Literature Review of Generation, Characterization, and Processing Methods. Minerals, 14(12), Article 12. https://doi.org/10.3390/min14121204;-;Spain;Europe;This ones LOI should be -3 (weight gain). LOI can also be used as a measure for aging. High LOI can mean more aging (more moisture absorbtion etc., formation of carbonates from atmospheric CO2 etc.).;
48.6;23.7;4.2;1.21;0.0;8.1;;;;;;;;;;;;;;;;;;;;;;;;;;;;;;;;;;;;;;;;;;;;;;;;;0.01;85.82;Cr2O3 = 0.01;Wang et al. [98];LF;Ouffa, N., Benzaazoua, M., Trauchessec, R., Belem, T., Taha, Y., & Diliberto, C. (2024). Potential Reuse of Ladle Furnace Slag as Cementitious Material: A Literature Review of Generation, Characterization, and Processing Methods. Minerals, 14(12), Article 12. https://doi.org/10.3390/min14121204;Taiwan;Taiwan;Asia;Alkali activated geopolymer;AAM
46.3;8.6;28.3;5.0;0.0;7.4;;;;;;4.4;;;;;;;;;;;;;;;;;-1.3;;;;;;;;;;;;;;;;;;;;;;;;;;;98.7;4.4;Adesanya et al. [86,135];LF;Ouffa, N., Benzaazoua, M., Trauchessec, R., Belem, T., Taha, Y., & Diliberto, C. (2024). Potential Reuse of Ladle Furnace Slag as Cementitious Material: A Literature Review of Generation, Characterization, and Processing Methods. Minerals, 14(12), Article 12. https://doi.org/10.3390/min14121204;Finland;Finland;Europe;;
49.8;10.1;27.1;1.1;0.0;6.4;;;;;;4.4;;;;;;;;;;;;;;;1.1;;;;;;;;;;;;;;;;;;;;;;;;;;;;;100.0;"SO3 = 1.1; others = 4.4";Adesanya et al. [11];LF;Ouffa, N., Benzaazoua, M., Trauchessec, R., Belem, T., Taha, Y., & Diliberto, C. (2024). Potential Reuse of Ladle Furnace Slag as Cementitious Material: A Literature Review of Generation, Characterization, and Processing Methods. Minerals, 14(12), Article 12. https://doi.org/10.3390/min14121204;Finland;Finland;Europe;Alkali activated binder;AAM
24.899;22.934;0.0;35.233;0.0;8.633;;0.466;0.498;;;;;;;;0.059;;;;;;;;;;0.498;;;;;;;;;5.827;;;;;;;;;;;;;;;;;;;0.954;100.001;"P2O5 = 0.466; SO3 = 0.498; K2O = 0.059; TiO2 = 0.498; Cr2O3 = 0.954; Mn2O3 = 5.827";Maghool et al. [136];LF;Ouffa, N., Benzaazoua, M., Trauchessec, R., Belem, T., Taha, Y., & Diliberto, C. (2024). Potential Reuse of Ladle Furnace Slag as Cementitious Material: A Literature Review of Generation, Characterization, and Processing Methods. Minerals, 14(12), Article 12. https://doi.org/10.3390/min14121204;Australia;Australia;Australia;Civil applications for road material;Civil
50.9;8.3;27.8;1.1;0.0;6.3;;;;;;4.8;;;;;;;;;;;;;;;0.8;;0.9;;;;;;;;;;;;;;;;;;;;;;;;;;;100.9;"SO3 = 0.8; others = 4.8; LOI = _0.9";Adesanya et al. [137];LF;Ouffa, N., Benzaazoua, M., Trauchessec, R., Belem, T., Taha, Y., & Diliberto, C. (2024). Potential Reuse of Ladle Furnace Slag as Cementitious Material: A Literature Review of Generation, Characterization, and Processing Methods. Minerals, 14(12), Article 12. https://doi.org/10.3390/min14121204;-;Finland;Europe;Cementitious material for civil works;Cementitious
48.77;20.21;8.92;2.18;1.0;16.42;0.37;0.03;1.82;;;;1.96;1.37;;0.07;0.01;;;;;;;;;;;;;;;;;;;;;;;;;;;;;;;;;;;;;;0.06;102.19;;Bocci [100];LF;Ouffa, N., Benzaazoua, M., Trauchessec, R., Belem, T., Taha, Y., & Diliberto, C. (2024). Potential Reuse of Ladle Furnace Slag as Cementitious Material: A Literature Review of Generation, Characterization, and Processing Methods. Minerals, 14(12), Article 12. https://doi.org/10.3390/min14121204;Italy;Italy;Europe;For hot asphalt mixtures;Civil
50.36;21.64;9.36;1.63;1.0;13.06;0.32;0.03;2.04;;;;1.47;1.63;;0.07;0.01;;;;;;;;;;;;;;;;;;;;;;;;;;;;;;;;;;;;;;0.02;101.64;;Bocci [100];LF;Ouffa, N., Benzaazoua, M., Trauchessec, R., Belem, T., Taha, Y., & Diliberto, C. (2024). Potential Reuse of Ladle Furnace Slag as Cementitious Material: A Literature Review of Generation, Characterization, and Processing Methods. Minerals, 14(12), Article 12. https://doi.org/10.3390/min14121204;Italy;Italy;Europe;;
46.3;8.6;28.3;5.0;0.0;7.4;;;;;0.0;3.9;;;;;;;;;;;;;;;0.5;;;;;;;;;;;;;;;;;;;;;;;;;;;;;100.0;"SO3 = 0.5; others = 3.9; f-CaO = 0";Nguyen et al. [85];LF;Ouffa, N., Benzaazoua, M., Trauchessec, R., Belem, T., Taha, Y., & Diliberto, C. (2024). Potential Reuse of Ladle Furnace Slag as Cementitious Material: A Literature Review of Generation, Characterization, and Processing Methods. Minerals, 14(12), Article 12. https://doi.org/10.3390/min14121204;Finland;Finland;Europe;Alkali activated, cementititous material, with reinforcements due to brittleness;AAM
55.0;17.0;9.0;5.5;0.0;7.0;2.0;;;;;1.8;;;;;;;;;;;;;;;;;2.7;;;;;;;;;;;;;;;;;;;;;;;;;;;100.0;"MnO = 2; others = 1.8; LOI = 2.7";Pantazopoulou and Zouboulis [22];LF;Ouffa, N., Benzaazoua, M., Trauchessec, R., Belem, T., Taha, Y., & Diliberto, C. (2024). Potential Reuse of Ladle Furnace Slag as Cementitious Material: A Literature Review of Generation, Characterization, and Processing Methods. Minerals, 14(12), Article 12. https://doi.org/10.3390/min14121204;Greece;Greece;Europe;Originates from EAF, so maybe not LF slag?;
39.18;38.78;1.74;2.19;0.0;3.33;;;;;1.59;;;;;0.63;0.04;;;;;;;;;;0.12;;11.4;;;;;;;;;;;;;;;;;;;;;;;;;;;99.0;"SO3 = 0.12; Na2O = 0.63; K2O = 0.04; LOI = 11.4; f-CaO = 1.59";Papayianni et al. [138];LF;Ouffa, N., Benzaazoua, M., Trauchessec, R., Belem, T., Taha, Y., & Diliberto, C. (2024). Potential Reuse of Ladle Furnace Slag as Cementitious Material: A Literature Review of Generation, Characterization, and Processing Methods. Minerals, 14(12), Article 12. https://doi.org/10.3390/min14121204;No access;Greece;Europe;Alkali activated binders;AAM
40.2;18.74;4.94;3.64;0.0;14.81;0.66;;0.43;;;0.6;;;;;0.09;;;;;;;;;;1.06;;13.48;;;;;;;;1.21;;;0.06;0.02;;;;;;;;;;;;;;0.06;100.0;"SO3 = 1.06; MnO = 0.66; K2O = 0.09; ZnO = 1.21; PbO = 0.06; Cr2O3 = 0.06; CuO = 0.02; TiO2 = 0.43; others = 0.60; LOI = 13.48";Bo and Yi [64];LF;Ouffa, N., Benzaazoua, M., Trauchessec, R., Belem, T., Taha, Y., & Diliberto, C. (2024). Potential Reuse of Ladle Furnace Slag as Cementitious Material: A Literature Review of Generation, Characterization, and Processing Methods. Minerals, 14(12), Article 12. https://doi.org/10.3390/min14121204;Singapore;Singapore;Asia;Mixed with BF slag as stabailised clay (Portland cement). Leaching of heavy metals wasn't detected;Cementitious
68.27;21.56;1.15;0.36;0.0;4.21;0.53;;0.44;;;;;;;;;;;;;;;;;;;;;;;;;;;;;;;;;;;;;;;;;;;;;;1.71;98.23;"MnO = 0.53; Cr2O3 = 1.71; TiO2 = 0.44";Chang et al. [63];LF;Ouffa, N., Benzaazoua, M., Trauchessec, R., Belem, T., Taha, Y., & Diliberto, C. (2024). Potential Reuse of Ladle Furnace Slag as Cementitious Material: A Literature Review of Generation, Characterization, and Processing Methods. Minerals, 14(12), Article 12. https://doi.org/10.3390/min14121204;Taiwan;Taiwan;Asia;Replacement to Portland cement;Cementitious
52.2;11.8;23.2;7.23;1.0;2.9;2.0;0.36;0.13;;;;2.2;0.52;3.0;0.065;;;;;;;;;;;;;;;;;;;;;;;;;;;;;;;;;;;;;;;;105.605;"FeO = 2.2; S = 0.52; MnO = 2; TiO2 = 0.13; Fe = 3; P2O5 = 0.36; Na2O = 0.065";Kapusuz et al. [139];LF;Ouffa, N., Benzaazoua, M., Trauchessec, R., Belem, T., Taha, Y., & Diliberto, C. (2024). Potential Reuse of Ladle Furnace Slag as Cementitious Material: A Literature Review of Generation, Characterization, and Processing Methods. Minerals, 14(12), Article 12. https://doi.org/10.3390/min14121204;-;Turkey;Asia;;
51.0;18.0;11.1;1.76;0.0;14.2;;;;;;;;;;;;;;;;;;;;;;;;;;;;;;;;;;;;;;;;;;;;;;;;;;96.06;;Montenegro-Cooper et al. [67];LF;Ouffa, N., Benzaazoua, M., Trauchessec, R., Belem, T., Taha, Y., & Diliberto, C. (2024). Potential Reuse of Ladle Furnace Slag as Cementitious Material: A Literature Review of Generation, Characterization, and Processing Methods. Minerals, 14(12), Article 12. https://doi.org/10.3390/min14121204;Spain;Spain;Europe;Civil applications, earth works. Analysis of MgO, predicts volume expansion.;Civil
60.2;23.2;6.3;1.6;0.0;5.1;;;;;;;;;;;;;;;;;;;;;2.5;;;;;;;;;;;;;;;;;;;;;;;;;;;;;98.9;SO3 = 2.5;Montenegro-Cooper et al. [67];LF;Ouffa, N., Benzaazoua, M., Trauchessec, R., Belem, T., Taha, Y., & Diliberto, C. (2024). Potential Reuse of Ladle Furnace Slag as Cementitious Material: A Literature Review of Generation, Characterization, and Processing Methods. Minerals, 14(12), Article 12. https://doi.org/10.3390/min14121204;Spain;Spain;Europe;;
51.0;8.3;27.9;1.1;0.0;6.3;;;;;;4.6;;;;;;;;;;;;;;;0.8;;;;;;;;;;;;;;;;;;;;;;;;;;;;;100.0;"SO3 = 0.8; others = 4.6";Nguyen et al. [33];LF;Ouffa, N., Benzaazoua, M., Trauchessec, R., Belem, T., Taha, Y., & Diliberto, C. (2024). Potential Reuse of Ladle Furnace Slag as Cementitious Material: A Literature Review of Generation, Characterization, and Processing Methods. Minerals, 14(12), Article 12. https://doi.org/10.3390/min14121204;Finland;Finland;Europe;Mix with gypsum for stable cement application;Cementitious
55.86;0.73;36.91;1.16;0.0;3.4;;;;;;;;;;;0.01;;;;;;;;;;0.4;;;;;;;;;;;;;;;;;;;;;;;;;;;;;98.47;"K2O = 0.01; SO3 = 0.40";Wang and Suraneni [140];LF;Ouffa, N., Benzaazoua, M., Trauchessec, R., Belem, T., Taha, Y., & Diliberto, C. (2024). Potential Reuse of Ladle Furnace Slag as Cementitious Material: A Literature Review of Generation, Characterization, and Processing Methods. Minerals, 14(12), Article 12. https://doi.org/10.3390/min14121204;China;USA;North america;Supplementary cement material;Cementitious
52.76;21.58;5.07;2.37;0.0;5.86;0.91;0.03;0.33;;;1.74;;;;;0.05;;;;;;;;;;1.37;;7.81;;;;;;;;0.04;;;;;;;;;;;;;;;;;;0.08;100.0;"SO3 = 1.37; MnO = 0.91; TiO2 = 0.33; Cr2O3 = 0.08; K2O = 0.05; ZnO = 0.04; P2O5 = 0.03; others = 1.74; LOI = 7.81";Aponte et al. [34];LF;Ouffa, N., Benzaazoua, M., Trauchessec, R., Belem, T., Taha, Y., & Diliberto, C. (2024). Potential Reuse of Ladle Furnace Slag as Cementitious Material: A Literature Review of Generation, Characterization, and Processing Methods. Minerals, 14(12), Article 12. https://doi.org/10.3390/min14121204;Spain;Spain;Europe;Alkali activated binder. Suggests 700,00 ton in EU 2016, 18,4 Mt total SS in EU.;AAM
45.9;21.6;4.2;2.57;1.0;8.6;0.3;;;;;;;0.867;;;;;;;;;;;;;;;;;;;;;;;;;;;;;;;;;;;;;;;1.8;;;85.837;"Total-Fe = 1.8; MnO = 0.3; S = 0.867";Li et al. [141];LF;Ouffa, N., Benzaazoua, M., Trauchessec, R., Belem, T., Taha, Y., & Diliberto, C. (2024). Potential Reuse of Ladle Furnace Slag as Cementitious Material: A Literature Review of Generation, Characterization, and Processing Methods. Minerals, 14(12), Article 12. https://doi.org/10.3390/min14121204;-;Taiwan;Asia;10 different slags. Looks at reducing f-CaO. For road materials (beneath pavement);Civil
50.2;11.7;19.9;3.0;1.0;4.9;0.3;;;;;;;0.727;;;;;;;;;;;;;;;;;;;;;;;;;;;;;;;;;;;;;;;2.1;;;92.827;"Total-Fe = 2.1; MnO = 0.3; S = 0.727";Li et al. [141];LF;Ouffa, N., Benzaazoua, M., Trauchessec, R., Belem, T., Taha, Y., & Diliberto, C. (2024). Potential Reuse of Ladle Furnace Slag as Cementitious Material: A Literature Review of Generation, Characterization, and Processing Methods. Minerals, 14(12), Article 12. https://doi.org/10.3390/min14121204;-;Taiwan;Asia;;
44.1;17.5;3.4;3.29;1.0;17.9;0.6;;;;;;;0.567;;;;;;;;;;;;;;;;;;;;;;;;;;;;;;;;;;;;;;;2.3;;;89.657;"Total-Fe = 2.3; MnO = 0.6; S = 0.567";Li et al. [141];LF;Ouffa, N., Benzaazoua, M., Trauchessec, R., Belem, T., Taha, Y., & Diliberto, C. (2024). Potential Reuse of Ladle Furnace Slag as Cementitious Material: A Literature Review of Generation, Characterization, and Processing Methods. Minerals, 14(12), Article 12. https://doi.org/10.3390/min14121204;-;Taiwan;Asia;;
55.4;27.2;2.7;2.14;1.0;5.8;0.4;;;;;;;0.547;;;;;;;;;;;;;;;;;;;;;;;;;;;;;;;;;;;;;;;1.5;;;95.687;"Total-Fe = 1.5; MnO = 0.4; S = 0.547";Li et al. [141];LF;Ouffa, N., Benzaazoua, M., Trauchessec, R., Belem, T., Taha, Y., & Diliberto, C. (2024). Potential Reuse of Ladle Furnace Slag as Cementitious Material: A Literature Review of Generation, Characterization, and Processing Methods. Minerals, 14(12), Article 12. https://doi.org/10.3390/min14121204;-;Taiwan;Asia;;
52.1;19.3;14.8;1.0;1.0;4.9;0.1;;;;;;;0.994;;;;;;;;;;;;;;;;;;;;;;;;;;;;;;;;;;;;;;;0.7;;;93.894;"Total-Fe = 0.7; MnO = 0.1; S = 0.994";Li et al. [141];LF;Ouffa, N., Benzaazoua, M., Trauchessec, R., Belem, T., Taha, Y., & Diliberto, C. (2024). Potential Reuse of Ladle Furnace Slag as Cementitious Material: A Literature Review of Generation, Characterization, and Processing Methods. Minerals, 14(12), Article 12. https://doi.org/10.3390/min14121204;-;Taiwan;Asia;;
52.3;5.1;28.9;0.71;1.0;5.4;0.1;;;;;;;0.911;;;;;;;;;;;;;;;;;;;;;;;;;;;;;;;;;;;;;;;0.5;;;93.921;"Total-Fe = 0.5; MnO = 0.1; S = 0.911";Li et al. [141];LF;Ouffa, N., Benzaazoua, M., Trauchessec, R., Belem, T., Taha, Y., & Diliberto, C. (2024). Potential Reuse of Ladle Furnace Slag as Cementitious Material: A Literature Review of Generation, Characterization, and Processing Methods. Minerals, 14(12), Article 12. https://doi.org/10.3390/min14121204;-;Taiwan;Asia;;
46.4;21.1;3.9;2.29;1.0;7.0;0.5;;;;;;;0.772;;;;;;;;;;;;;;;;;;;;;;;;;;;;;;;;;;;;;;;1.6;;;83.562;"Total-Fe = 1.6; MnO = 0.5; S = 0.772";Li et al. [141];LF;Ouffa, N., Benzaazoua, M., Trauchessec, R., Belem, T., Taha, Y., & Diliberto, C. (2024). Potential Reuse of Ladle Furnace Slag as Cementitious Material: A Literature Review of Generation, Characterization, and Processing Methods. Minerals, 14(12), Article 12. https://doi.org/10.3390/min14121204;-;Taiwan;Asia;;
52.6;23.6;4.2;0.43;1.0;8.8;0.2;;;;;;;0.828;;;;;;;;;;;;;;;;;;;;;;;;;;;;;;;;;;;;;;;0.3;;;90.958;"Total-Fe = 0.3; MnO = 0.2; S = 0.828";Li et al. [141];LF;Ouffa, N., Benzaazoua, M., Trauchessec, R., Belem, T., Taha, Y., & Diliberto, C. (2024). Potential Reuse of Ladle Furnace Slag as Cementitious Material: A Literature Review of Generation, Characterization, and Processing Methods. Minerals, 14(12), Article 12. https://doi.org/10.3390/min14121204;-;Taiwan;Asia;;
40.3;15.9;4.8;6.43;1.0;13.1;0.6;;;;;;;0.542;;;;;;;;;;;;;;;;;;;;;;;;;;;;;;;;;;;;;;;4.5;;;86.172;"Total-Fe = 4.5; MnO = 0.6; S = 0.542";Li et al. [141];LF;Ouffa, N., Benzaazoua, M., Trauchessec, R., Belem, T., Taha, Y., & Diliberto, C. (2024). Potential Reuse of Ladle Furnace Slag as Cementitious Material: A Literature Review of Generation, Characterization, and Processing Methods. Minerals, 14(12), Article 12. https://doi.org/10.3390/min14121204;-;Taiwan;Asia;;
47.7;21.8;4.3;3.15;1.0;10.4;0.7;;;;;;;0.69;;;;;;;;;;;;;;;;;;;;;;;;;;;;;;;;;;;;;;;2.2;;;90.94;"Total-Fe = 2.2; MnO = 0.7; S = 0.69";Li et al. [141];LF;Ouffa, N., Benzaazoua, M., Trauchessec, R., Belem, T., Taha, Y., & Diliberto, C. (2024). Potential Reuse of Ladle Furnace Slag as Cementitious Material: A Literature Review of Generation, Characterization, and Processing Methods. Minerals, 14(12), Article 12. https://doi.org/10.3390/min14121204;-;Taiwan;Asia;;
53.5;23.6;9.9;1.59;1.0;9.58;0.4;0.05;0.73;;;;1.43;0.27;;;;;;;;;;;;;;;;;;;;;;;;;;;;;;;;;;;;;;;;;;101.05;"TiO2 = 0.73; FeO = 1.43; MnO = 0.4; P2O5 = 0.05; S = 0.27";Gollapalli et al. [142];LF;Ouffa, N., Benzaazoua, M., Trauchessec, R., Belem, T., Taha, Y., & Diliberto, C. (2024). Potential Reuse of Ladle Furnace Slag as Cementitious Material: A Literature Review of Generation, Characterization, and Processing Methods. Minerals, 14(12), Article 12. https://doi.org/10.3390/min14121204;No access;India;Asia;;
54.9;23.5;6.6;1.1;1.0;8.5;0.4;;;;;;;;;;;;;;;;;;;;;;;;;;;;;;;;;;;;;;;;;;;;;;;;;95.0;MnO = 0.4;Pinheiro et al. [14];LF;Ouffa, N., Benzaazoua, M., Trauchessec, R., Belem, T., Taha, Y., & Diliberto, C. (2024). Potential Reuse of Ladle Furnace Slag as Cementitious Material: A Literature Review of Generation, Characterization, and Processing Methods. Minerals, 14(12), Article 12. https://doi.org/10.3390/min14121204;Portugal;Portugal;Europe;For Alkali activated cements;AAM
40.19;12.49;7.29;2.38;0.0;19.38;0.936;;0.486;;;0.3837;;0.548;;0.118;;;;;;;;;;;;;;;;;;;;;;;;;;0.24;0.3837;;;;;;;;;;;;0.11;84.9354;"MnO = 0.936; S = 0.548; TiO2 = 0.486; BaO = 0.240; Na2O = 0.118; Cr2O3 = 0.11; others (Cl; SrO; ZnO; K2O; ZrO2 ; V2O5 ; P; CuO; NiO; PbO; Nb2O5 ; MoO3 ; Co3O4 ; SeO2 ) = 0.3837";"Terrones-Saeta et al. [19] Nebreda-Rodrigo et al. [143];";LF;Ouffa, N., Benzaazoua, M., Trauchessec, R., Belem, T., Taha, Y., & Diliberto, C. (2024). Potential Reuse of Ladle Furnace Slag as Cementitious Material: A Literature Review of Generation, Characterization, and Processing Methods. Minerals, 14(12), Article 12. https://doi.org/10.3390/min14121204;Spain;Spain;Europe;Filler in bituminous mixtures;Civil
40.2;18.74;4.94;3.64;0.0;14.81;0.66;;0.43;;;;;;;;0.09;;;;;;;;;;1.6;;13.48;;;;;;;;1.21;;;0.06;0.02;;;;;;;;;;;;;;0.06;99.94;"SO3 = 1.6; TiO2 = 0.43; K2O = 0.09; MnO = 0.66; ZnO = 1.21; PbO = 0.06; Cr2O3 = 0.06; CuO = 0.02; LOI = 13.48";Xu and Yi [144];LF;Ouffa, N., Benzaazoua, M., Trauchessec, R., Belem, T., Taha, Y., & Diliberto, C. (2024). Potential Reuse of Ladle Furnace Slag as Cementitious Material: A Literature Review of Generation, Characterization, and Processing Methods. Minerals, 14(12), Article 12. https://doi.org/10.3390/min14121204;-;Singapore;Asia;Civil applications. No leaching of heavy metals, very low amount of Pb;Civil
57.09;16.18;18.46;0.65;0.0;3.66;0.08;;0.44;;;2.35;;;;;;;;;;;;;;;1.09;;;;;;;;;;;;;;;;;;;;;;;;;;;;;100.0;"TiO2 = 0.44; SO3 = 1.09; MnO = 0.08; others = 2.35";"Zhao et al. [79,145]; Fang et al. [91]";LF;Ouffa, N., Benzaazoua, M., Trauchessec, R., Belem, T., Taha, Y., & Diliberto, C. (2024). Potential Reuse of Ladle Furnace Slag as Cementitious Material: A Literature Review of Generation, Characterization, and Processing Methods. Minerals, 14(12), Article 12. https://doi.org/10.3390/min14121204;China;China;Asia;Cementitious material. Optimises the size of f-CaO and f-MgO phases by air quenching;Cementitious
45.6;19.3;6.7;10.8;0.0;5.8;1.7;;0.5;;;0.6;;;;;;;;;;;;;;;1.8;;6.7;;;;;;;;;;;;;0.2;;;;;;;;;;;;;0.8;100.5;"SO3 = 1.8; MnO = 1.7; TiO2 = 0.5; Cr2O3 = 0.8; BaO = 0.2; others = 0.6; LOI = 6.7";Araos HenrÕquez et al. [84];LF;Ouffa, N., Benzaazoua, M., Trauchessec, R., Belem, T., Taha, Y., & Diliberto, C. (2024). Potential Reuse of Ladle Furnace Slag as Cementitious Material: A Literature Review of Generation, Characterization, and Processing Methods. Minerals, 14(12), Article 12. https://doi.org/10.3390/min14121204;Spain;Spain;Europe;Partial replacement to Portland cement;Cementitious
48.1;20.7;5.6;7.2;0.0;6.6;1.3;;0.4;;;0.5;;;;;;;;;;;;;;;1.9;;7.1;;;;;;;;;;;;;0.2;;;;;;;;;;;;;0.4;100.0;"SO3 = 1.9; MnO = 1.3; TiO2 = 0.4; Cr2O3 = 0.4; BaO = 0.2; others = 0.5; LOI = 7.1";Araos HenrÕquez et al. [84];LF;Ouffa, N., Benzaazoua, M., Trauchessec, R., Belem, T., Taha, Y., & Diliberto, C. (2024). Potential Reuse of Ladle Furnace Slag as Cementitious Material: A Literature Review of Generation, Characterization, and Processing Methods. Minerals, 14(12), Article 12. https://doi.org/10.3390/min14121204;Spain;Spain;Europe;;
54.86;16.33;21.46;0.62;0.0;3.41;;;;;;2.43;;;;;;;;;;;;;;;0.89;;;;;;;;;;;;;;;;;;;;;;;;;;;;;100.0;"SO3 = 0.89; others = 2.43";Fang et al. [91];LF;Ouffa, N., Benzaazoua, M., Trauchessec, R., Belem, T., Taha, Y., & Diliberto, C. (2024). Potential Reuse of Ladle Furnace Slag as Cementitious Material: A Literature Review of Generation, Characterization, and Processing Methods. Minerals, 14(12), Article 12. https://doi.org/10.3390/min14121204;-;China;Asia;Partial replacement to Portland cement;Cementitious
63.59;21.3;2.3;8.08;0.0;2.6;;;0.5;;;1.63;;;;;;;;;;;;;;;;;;;;;;;;;;;;;;;;;;;;;;;;;;;;100.0;"TiO2æ= 0.5; others = 1.63";"Hui-Teng et al. [146];
Yong-Sing et al. [147];
Yong-Sing et al. [148].";LF;Ouffa, N., Benzaazoua, M., Trauchessec, R., Belem, T., Taha, Y., & Diliberto, C. (2024). Potential Reuse of Ladle Furnace Slag as Cementitious Material: A Literature Review of Generation, Characterization, and Processing Methods. Minerals, 14(12), Article 12. https://doi.org/10.3390/min14121204;-;Malaysia;Asia;Geopolymer replacement of fly ash;AAM
51.0;21.7;11.18;2.0;0.0;7.3;;;;;;;;;;;;;;;;;;;;;;;6.82;;;;;;;;;;;;;;;;;;;;;;;;;;;100.0;LOI = 6.82;Parsaei et al. [149];LF;Ouffa, N., Benzaazoua, M., Trauchessec, R., Belem, T., Taha, Y., & Diliberto, C. (2024). Potential Reuse of Ladle Furnace Slag as Cementitious Material: A Literature Review of Generation, Characterization, and Processing Methods. Minerals, 14(12), Article 12. https://doi.org/10.3390/min14121204;No access;Iran;Asia;;
53.4;27.8;5.7;3.57;1.0;4.6;2.8;;;;;;;;;;;;;;;;;;;;;;;;;;;;;;;;;;;;;0.1;;;;;;;;;2.5;;;100.47;"MnO = 2.8; B2O3 = 0.1; Fe(T) = 2.5";Sahoo et al. [150];LF;Ouffa, N., Benzaazoua, M., Trauchessec, R., Belem, T., Taha, Y., & Diliberto, C. (2024). Potential Reuse of Ladle Furnace Slag as Cementitious Material: A Literature Review of Generation, Characterization, and Processing Methods. Minerals, 14(12), Article 12. https://doi.org/10.3390/min14121204;-;India;Asia;;
51.86;12.1;20.12;1.93;1.0;5.92;0.05;0.07;0.24;;;;;;;0.89;0.1;;;;;;;;;;5.57;;;;;;;;;;;;;;;;;;1.74;1.26;0.07;;;;;;;;;101.92;"SO3 = 5.57; FeOtotal = 1.74; F = 1.26; Na2O = 0.89; TiO2 = 0.24; K2O = 0.10; Cl = 0.07; P2O5 = 0.07; MnO = 0.05;";Yi et al. [151];LF;Ouffa, N., Benzaazoua, M., Trauchessec, R., Belem, T., Taha, Y., & Diliberto, C. (2024). Potential Reuse of Ladle Furnace Slag as Cementitious Material: A Literature Review of Generation, Characterization, and Processing Methods. Minerals, 14(12), Article 12. https://doi.org/10.3390/min14121204;China;China;Asia;;
46.5;23.3;4.02;7.71;0.0;11.0;0.05;0.05;0.9;;;;;;;0.04;0.01;;;;;;;;;;;;3.53;;;;;;;;;;;;;;;;;;;;;;;;;;;97.11;"Cr2O3 = 0.02 MnO = 1.2; Na2O = 0.04; K2O = 0.01; TiO2 = 0.9; P2O5 = 0.05; LOI = 3.53";Zhang et al. [115];LF;Ouffa, N., Benzaazoua, M., Trauchessec, R., Belem, T., Taha, Y., & Diliberto, C. (2024). Potential Reuse of Ladle Furnace Slag as Cementitious Material: A Literature Review of Generation, Characterization, and Processing Methods. Minerals, 14(12), Article 12. https://doi.org/10.3390/min14121204;Canada;Canada;North america;Cementing binder, with flue gas carbonation;Cementitious
46.14;31.42;2.95;0.88;0.0;2.13;1.49;;0.79;;;;;;;1.27;0.07;;;;;;;;;;;;;;;;;;;;;;;;;;;;;;;;;;;;;;;87.14;"Na2O = 1.27; K2O = 0.07; TiO2 = 0.79; MnO = 1.49";Islam et al. [152];LF;Ouffa, N., Benzaazoua, M., Trauchessec, R., Belem, T., Taha, Y., & Diliberto, C. (2024). Potential Reuse of Ladle Furnace Slag as Cementitious Material: A Literature Review of Generation, Characterization, and Processing Methods. Minerals, 14(12), Article 12. https://doi.org/10.3390/min14121204;-;Bangladesh;Asia;Cement;Cementitious
53.4;23.2;6.7;1.0;1.0;12.9;0.05;0.1;0.5;;;;0.9;1.1;;0.02;0.02;;;;;;;;;;;;;;;;;;;;;;;;;;;;;;;;;;;;0.7;;0.01;100.6;"P2O5 = 0.1; Cr2O3 = 0.01; K2O = 0.02; Na2O = 0.02; MnO = 0.05; TiO2 = 0.50; Fetot = 0.7; FeO = 0.9; S = 1.10";Roberto et al. [153];LF;Ouffa, N., Benzaazoua, M., Trauchessec, R., Belem, T., Taha, Y., & Diliberto, C. (2024). Potential Reuse of Ladle Furnace Slag as Cementitious Material: A Literature Review of Generation, Characterization, and Processing Methods. Minerals, 14(12), Article 12. https://doi.org/10.3390/min14121204;-;Italy;Europe;For asphalt mixes;Civil
54.2;11.5;1.32;3.4;0.0;8.8;2.68;;;;;;;;;;;;;;;;;;;;1.93;;14.5;;;;;;;;;;;;;;;;;0.59;;;;;;;;;;98.92;"MnO = 2.68; SO3 = 1.93; F = 0.59; LOI = 14.5";Silva et al. [80];LF;Ouffa, N., Benzaazoua, M., Trauchessec, R., Belem, T., Taha, Y., & Diliberto, C. (2024). Potential Reuse of Ladle Furnace Slag as Cementitious Material: A Literature Review of Generation, Characterization, and Processing Methods. Minerals, 14(12), Article 12. https://doi.org/10.3390/min14121204;Brazil;Brazil;South america;Partial replacement to Portland cement;Cementitious
35.6;18.0;4.13;26.8;0.0;8.03;1.89;;;;;;;;;;;;;;;;;;;;2.11;;;;;;;;;;;;;;;;;;;1.52;;;;;;;;;;98.08;"MnO = 1.89; SO3 = 2.11; F = 1.52";Silva et al. [80];LF;Ouffa, N., Benzaazoua, M., Trauchessec, R., Belem, T., Taha, Y., & Diliberto, C. (2024). Potential Reuse of Ladle Furnace Slag as Cementitious Material: A Literature Review of Generation, Characterization, and Processing Methods. Minerals, 14(12), Article 12. https://doi.org/10.3390/min14121204;Brazil;Brazil;South america;;
52.3;16.5;3.28;14.5;0.0;6.82;1.12;;;;;;;;;;;;;;;;;;;;1.78;;;;;;;;;;;;;;;;;;;1.93;;;;;;;;;;98.23;"MnO = 1.12; SO3 = 1.78; F = 1.93";Silva et al. [80];LF;Ouffa, N., Benzaazoua, M., Trauchessec, R., Belem, T., Taha, Y., & Diliberto, C. (2024). Potential Reuse of Ladle Furnace Slag as Cementitious Material: A Literature Review of Generation, Characterization, and Processing Methods. Minerals, 14(12), Article 12. https://doi.org/10.3390/min14121204;Brazil;Brazil;South america;;
47.4;29.4;2.6;0.7;0.0;2.3;1.6;;0.9;;;;;;;1.6;0.1;;;;;;;;;;;;;;;;;;;;;;;;;;;;;;;;;;;;;;;86.6;"Na2O = 1.6; K2O = 0.1; TiO2 = 0.9; MnO = 1.6";"Sultana and Islam [81]; Sultana and Islam [154]";LF;Ouffa, N., Benzaazoua, M., Trauchessec, R., Belem, T., Taha, Y., & Diliberto, C. (2024). Potential Reuse of Ladle Furnace Slag as Cementitious Material: A Literature Review of Generation, Characterization, and Processing Methods. Minerals, 14(12), Article 12. https://doi.org/10.3390/min14121204;Bangladesh;Bangladesh;Asia;Partial replacement to Portland cement;Cementitious
44.89;21.42;13.87;0.89;1.0;15.62;0.86;0.2;;;;;0.8;0.3;;;;;;;;;;;;;;;;;;;;;;;;;;;;;;;;;;;;;;;;;;98.85;"FeO = 0.8; MnO = 0.86; P2O5 = 0.2; S = 0.3";Varanasi et al. [155];LF;Ouffa, N., Benzaazoua, M., Trauchessec, R., Belem, T., Taha, Y., & Diliberto, C. (2024). Potential Reuse of Ladle Furnace Slag as Cementitious Material: A Literature Review of Generation, Characterization, and Processing Methods. Minerals, 14(12), Article 12. https://doi.org/10.3390/min14121204;No access;India;Asia;Recyclate in secondary steelmaking for steel desulphurisation;Steelmaking recyclate
58.57;8.15;20.13;0.78;1.0;10.66;0.52;0.23;;;;;0.7;0.34;;;;;;;;;;;;;;;;;;;;;;;;;;;;;;;;;;;;;;;;;;100.08;"FeO = 0.7; MnO = 0.52; P2O5 = 0.23; S = 0.34";Varanasi et al. [155];LF;Ouffa, N., Benzaazoua, M., Trauchessec, R., Belem, T., Taha, Y., & Diliberto, C. (2024). Potential Reuse of Ladle Furnace Slag as Cementitious Material: A Literature Review of Generation, Characterization, and Processing Methods. Minerals, 14(12), Article 12. https://doi.org/10.3390/min14121204;No access;India;Asia;;
40.2;18.7;4.94;3.64;0.0;14.8;0.66;;;;;2.2;;;;;;;;;;;;;;;;;13.5;;;;;;;;1.21;;;0.06;;;;;;;;;;;;;;;0.06;99.97;2.2;Xu and Yi [156];LF;Ouffa, N., Benzaazoua, M., Trauchessec, R., Belem, T., Taha, Y., & Diliberto, C. (2024). Potential Reuse of Ladle Furnace Slag as Cementitious Material: A Literature Review of Generation, Characterization, and Processing Methods. Minerals, 14(12), Article 12. https://doi.org/10.3390/min14121204;-;Singapore;Asia;CO2 sequestration. Heavy metals immobilised;CO2 sequestration
58.66;22.68;5.31;1.92;0.0;4.02;;;;;;4.34;;;;;0.06;;;;;;;;;;3.01;;;;;;;;;;;;;;;;;;;;;;;;;;;;;100.0;"SO3 = 3.01; K2O = 0.06; others = 4.34";Xu and Yi [69,152];LF;Ouffa, N., Benzaazoua, M., Trauchessec, R., Belem, T., Taha, Y., & Diliberto, C. (2024). Potential Reuse of Ladle Furnace Slag as Cementitious Material: A Literature Review of Generation, Characterization, and Processing Methods. Minerals, 14(12), Article 12. https://doi.org/10.3390/min14121204;-;Singapore;Asia;;
62.32;8.45;18.64;0.746;0.0;4.26;0.2;;0.81;;;0.83;;;;0.083;;;;;;;;;;;;;;;;;;;;;;;;;;;;;;3.65;;;;;;;;;;99.989;"F = 3.65; TiO2 = 0.81; Na2O = 0.083; MnO = 0.2; others = 0.83";Yi et al. [117];LF;Ouffa, N., Benzaazoua, M., Trauchessec, R., Belem, T., Taha, Y., & Diliberto, C. (2024). Potential Reuse of Ladle Furnace Slag as Cementitious Material: A Literature Review of Generation, Characterization, and Processing Methods. Minerals, 14(12), Article 12. https://doi.org/10.3390/min14121204;China;China;Asia;Cementitious material;Cementitious
55.68;26.05;3.79;1.65;0.0;6.33;0.36;0.01;0.25;;;;;;;0.13;;;;;;;;;;;3.81;;;;;;;;;;;;;;;;;;;1.76;0.04;;;;;;;;;99.86;"TiO2 = 0.25; MnO = 0.36; Na2O = 0.13; P2O5 = 0.01; SO3 = 3.81; F = 1.76; Cl = 0.04";Elwan et al. [157];LF;Ouffa, N., Benzaazoua, M., Trauchessec, R., Belem, T., Taha, Y., & Diliberto, C. (2024). Potential Reuse of Ladle Furnace Slag as Cementitious Material: A Literature Review of Generation, Characterization, and Processing Methods. Minerals, 14(12), Article 12. https://doi.org/10.3390/min14121204;Egypt;Egypt;Africa;For semiconductor purposes, glass material;Semiconductor
61.82;16.52;10.59;2.62;0.0;2.65;0.71;;0.81;;;;;;;0.11;;;;;;;;;;;1.91;;10.78;;;;;;;;;;;;;;;;;;;;;;;;;;;108.52;"SO3 = 1.91; TiO2 = 0.81; Na2O = 0.11; MnO = 0.71; LOI = 10.78";Fang et al. [158];LF;Ouffa, N., Benzaazoua, M., Trauchessec, R., Belem, T., Taha, Y., & Diliberto, C. (2024). Potential Reuse of Ladle Furnace Slag as Cementitious Material: A Literature Review of Generation, Characterization, and Processing Methods. Minerals, 14(12), Article 12. https://doi.org/10.3390/min14121204;China;China;;Partial replacement to Portland cement;Cementitious
50.24;14.86;16.26;6.84;0.0;3.58;1.25;;0.87;;;;;;;;;;;;;;;;;;1.22;;;;;;;;;;;;;;;;;;;;0.16;;;;;;;;0.27;95.55;"MnO = 1.25; TiO2 = 0.87; SO3 = 1.22; Cl = 0.16; Cr2O3 = 0.27";Lopes et al. [70];LF;Ouffa, N., Benzaazoua, M., Trauchessec, R., Belem, T., Taha, Y., & Diliberto, C. (2024). Potential Reuse of Ladle Furnace Slag as Cementitious Material: A Literature Review of Generation, Characterization, and Processing Methods. Minerals, 14(12), Article 12. https://doi.org/10.3390/min14121204;;Brazil;South america;Civil applications for road material;Civil
59.39;16.89;10.12;4.62;0.0;2.91;0.85;;1.18;;;;;;;;;;;;;;;;;;1.77;;2.27;;;;;;;;;;;;;;;;;;;;;;;;;;;100.0;"SO3 = 1.77; TiO2 = 1.18; MnO = 0.85; LOI = 2.27";Ma et al. [159];LF;Ouffa, N., Benzaazoua, M., Trauchessec, R., Belem, T., Taha, Y., & Diliberto, C. (2024). Potential Reuse of Ladle Furnace Slag as Cementitious Material: A Literature Review of Generation, Characterization, and Processing Methods. Minerals, 14(12), Article 12. https://doi.org/10.3390/min14121204;;China;Asia;Geopolymer;AAM
45.2;15.03;6.23;3.53;0.0;13.35;1.48;;;;;;1.08;0.013356;;;;;;;0.0293;;0.018;;0.004174;;;;14.16;;;;;;;;;;;;;;;;;;0.002261;0.000431;0.000305;0.0292;0.0072;;;0.002825;;100.167052;"Ti = 41.74; Sr = 3.05; Cu = 180; Cl = 22.61; Ba = 292; Pb = 72)";PeceÐo et al. [97];LF;Ouffa, N., Benzaazoua, M., Trauchessec, R., Belem, T., Taha, Y., & Diliberto, C. (2024). Potential Reuse of Ladle Furnace Slag as Cementitious Material: A Literature Review of Generation, Characterization, and Processing Methods. Minerals, 14(12), Article 12. https://doi.org/10.3390/min14121204;Spain;Spain;Europe;Fire insulating materials;Fire-insulation
51.7;29.6;3.6;2.8;0.0;6.7;;;;;;1.9;;;;;;;;;;;;;;;1.5;;4.7;;;;;;;;;;;;;;;;;2.2;;;;;;;;;;104.7;"F = 2.2; SO3 = 1.5; others = 1.9; LOI = 4.7";Skaf et al. [101];LF;Ouffa, N., Benzaazoua, M., Trauchessec, R., Belem, T., Taha, Y., & Diliberto, C. (2024). Potential Reuse of Ladle Furnace Slag as Cementitious Material: A Literature Review of Generation, Characterization, and Processing Methods. Minerals, 14(12), Article 12. https://doi.org/10.3390/min14121204;Spain;Spain;Europe;In Asphalt mixture;Civil
46.73;14.35;22.97;6.13;0.0;6.4;0.83;;0.5;;;;;;;;;;;;;;;;;;0.76;;;;;;;;;;;;;;;;;;;;;;;;;;;;;98.67;"MnO = 0.83; SO3 = 0.76; TiO2 = 0.50";Wu et al. [160];LF;Ouffa, N., Benzaazoua, M., Trauchessec, R., Belem, T., Taha, Y., & Diliberto, C. (2024). Potential Reuse of Ladle Furnace Slag as Cementitious Material: A Literature Review of Generation, Characterization, and Processing Methods. Minerals, 14(12), Article 12. https://doi.org/10.3390/min14121204;-;China;Asia;CO2 sequestration. ;CO2 sequestration
47.07;17.1;5.85;9.07;0.0;5.18;;;;;;;;;;;;;;;;;;;;;2.18;;3.05;;;;;;;;;;;;;;;;;;;;;;;10.5;;;;100.0;"Sc2O3 = 10.50; SO3 = 2.18; LOI = 3.05";Yong-Jie et al. [112];LF;Ouffa, N., Benzaazoua, M., Trauchessec, R., Belem, T., Taha, Y., & Diliberto, C. (2024). Potential Reuse of Ladle Furnace Slag as Cementitious Material: A Literature Review of Generation, Characterization, and Processing Methods. Minerals, 14(12), Article 12. https://doi.org/10.3390/min14121204;Malaysia;Malaysia;Asia;Geopolymer;AAM
